model,water_1
linear_regression,0.703915340721218
xgboost,0.7861217749327521
stacking,0.7470828098674581
