model,water_1
linear_regression,0.7869250103391169
xgboost,0.7434888539775371
stacking,0.775053955347087
