model,water_1
linear_regression,0.8170299851402625
xgboost,0.7398315099399698
stacking,0.8126968414208873
