model,water_1
linear_regression,0.7137780802491787
xgboost,0.7545396286075191
stacking,0.7242593974168936
