model,water_1
linear_regression,0.6806267313976655
xgboost,0.636713434004775
stacking,0.7186199334424138
