model,water_1
linear_regression,0.80729752064042
xgboost,0.7036318823558533
stacking,0.831116059392596
