model,water,water_optics,uv,uv_optics,fluorescence,fluorescence_optics,all,all_optics,optics
xgboost,0.6419837189540742,0.6098600038397368,-4.0195299599469445,-4.355955164433386,-0.9274968041187313,-0.28828488012849673,0.5528067938524179,0.5792695844072138,-0.28292645413626727
stacking,0.5422998475839151,0.5179424344641528,-0.3110440202713056,-0.5362578352976641,-0.29192969881815967,-0.1496030544668987,0.4801408272903436,0.4945629642385815,-0.1682813961051468
