model,water_1
linear_regression,0.7654389962109603
xgboost,0.7728240642177854
stacking,0.7871588627685859
