model,water_1
linear_regression,0.7435038727508727
xgboost,0.7335178279020467
stacking,0.7708658638968727
