model,water_1
linear_regression,0.6600461975011855
xgboost,0.6226613086546787
stacking,0.7049110145731112
