model,water_1
linear_regression,0.8354762207502666
xgboost,0.7703354439958395
stacking,0.8042502462716473
