model,water_1
linear_regression,0.6153184482356162
xgboost,0.6705301267691859
stacking,0.7350283166107616
