model,water_1
linear_regression,0.7619002306951868
xgboost,0.7180846544791541
stacking,0.7494476194319775
