model,water_1
linear_regression,0.7667038787590121
xgboost,0.8340676046090078
stacking,0.8079440815339616
