model,water,water_uv,some_water_uv,water_get_some_uv,water_fluorence,water_some_fluorence,water_optics_c1_c2_c3,water_some_c1_c2_c3,some_water_c1_c2_c3,water_some_c1_c2_c3_fluorence,water_optics_d1_d2_d3_d4,water_some_d1_d2_d3_d4_fluorence,some_water_d1_d2_d3_d4
linear_regression,0.2683489630276773,0.37780291562633367,0.36130133259523733,0.38641650877626976,0.6301453677671542,0.6379900343857675,0.617986753910157,0.6236218159273355,0.6115729233045094,0.6287668385725058,0.6403600465170494,0.6396132268954124,0.628878046580034
xgboost,0.6644698018922449,0.6250905566206961,0.6126303757335226,0.6220369230199599,0.721712802780061,0.7286252320275489,0.7294079153291217,0.7304924498292108,0.737680284068172,0.7196031159284448,0.7376419308259454,0.7472993610283138,0.7463314457061934
