model,water_1
linear_regression,0.8318297499589142
xgboost,0.8083537206130162
stacking,0.7950632728412428
