model,water_1
linear_regression,0.728468706918481
xgboost,0.7579160787917478
stacking,0.7653936655215233
