model,water_1
linear_regression,0.8378609118313802
xgboost,0.7787073720258291
stacking,0.8031271128822869
