model,water_1
linear_regression,0.665595578363765
xgboost,0.7357855903838814
stacking,0.7394110212834665
