model,water_1
linear_regression,0.7469448339949243
xgboost,0.7373643700028052
stacking,0.7855692536431794
