model,water_1
linear_regression,0.7342168293783735
xgboost,0.7502675210483221
stacking,0.7632209137147021
