model,water_1
linear_regression,0.7690221688932575
xgboost,0.7548611870083408
stacking,0.8222397959162566
